{"config": {"clip_eps": 0.28227903399, "death_penalty": -0.4039858733564, "distance_shaping": 0.0681066437371, "entropy_boost": 0.0321400435404, "entropy_coef": 0.0738620513008, "entropy_coef_final": 0.0024695919759, "entropy_floor": 0.128149924204, "food_reward": 4.8665467842589, "gae_lambda": 0.9485196713424, "gamma": 0.9281094701582, "idm_coef": 0.1396829990139, "lr": 0.0001790565516, "lr_min": 2.380589e-07, "opponent_pool_frac": 0.7638746974884, "survival_reward": -0.0216973625945, "update_epochs": 5, "value_loss_coef": 0.7180895649919, "win_reward": 1.1100848706912}, "score": -28.2605077457428, "info": {}}