{
  "DE_params": {
    "mutation_factor": 0.5,
    "crossover_prob": 0.5,
    "strategy": "rand1_bin",
    "configspace": true,
    "boundary_fix_type": "random",
    "max_age": Infinity,
    "dimensions": 15,
    "output_path": "dehb_log_data_base",
    "async_strategy": "immediate"
  },
  "HB_params": {
    "min_fidelity": 15000000,
    "max_fidelity": 150000000,
    "min_clip": null,
    "max_clip": null,
    "eta": 3
  },
  "internals": {
    "initial_configs": [
      {
        "config_id": 0,
        "config": [
          0.7687951924310001,
          0.7372921137421052,
          0.04160298041899999,
          0.7281854774189472,
          0.15170339605050503,
          0.09435181638262222,
          0.44049945902099996,
          0.2568056361231232,
          0.16403601962019268,
          0.3380999853266859,
          0.49414521778566656,
          0.14366956213000007,
          0.16666666666666666,
          0.49714219838240004,
          0.49378094689294744
        ],
        "results": {
          "16666666.666666666": {
            "score": Infinity,
            "cost": -1,
            "info": {}
          }
        }
      },
      {
        "config_id": 1,
        "config": [
          0.693909252943,
          0.16093433181063155,
          0.265020593371,
          0.3864419656631579,
          0.4730855465252525,
          0.42870374205824446,
          0.7465263462219996,
          0.9586989523173166,
          0.10426280537947462,
          0.47199359760281634,
          0.44394099024133327,
          0.7415442527045455,
          0.6666666666666666,
          0.11364126035746665,
          0.20232424639015792
        ],
        "results": {
          "16666666.666666666": {
            "score": Infinity,
            "cost": -1,
            "info": {}
          }
        }
      },
      {
        "config_id": 2,
        "config": [
          0.05685805015950001,
          0.9321417301263685,
          0.859344663185,
          0.7979616100094736,
          0.31630304312121216,
          0.2649987328623778,
          0.5532598403414997,
          0.19153585518918953,
          0.31651822826844117,
          0.6073071234217624,
          0.6338145964548333,
          0.621660281919091,
          0.16666666666666666,
          0.13756845676066667,
          0.6986358870064736
        ],
        "results": {
          "16666666.666666666": {
            "score": Infinity,
            "cost": -1,
            "info": {}
          }
        }
      },
      {
        "config_id": 3,
        "config": [
          0.9822562837219999,
          0.08731825662126316,
          0.9999704705019999,
          0.24947714766421053,
          0.8798793408787878,
          0.11324976261342225,
          0.15428984381899993,
          0.020473652166165583,
          0.583358716179078,
          0.48088763372912036,
          0.8267575453624999,
          0.45836596276272734,
          1.0,
          0.29798477563493336,
          0.8285675978523158
        ],
        "results": {
          "16666666.666666666": {
            "score": Infinity,
            "cost": -1,
            "info": {}
          }
        }
      },
      {
        "config_id": 4,
        "config": [
          0.39429839730599997,
          0.8929401501963684,
          0.43159832517700003,
          0.2973931177552631,
          0.6720386855252525,
          0.4899278833104889,
          0.4491849198009996,
          0.8386313644254257,
          0.3824016569345207,
          0.29852118822536705,
          0.7270702589063333,
          0.13648031748000006,
          0.16666666666666666,
          0.7030707033781334,
          0.769869200936579
        ],
        "results": {
          "16666666.666666666": {
            "score": Infinity,
            "cost": -1,
            "info": {}
          }
        }
      },
      {
        "config_id": 5,
        "config": [
          0.9547328718899999,
          0.658757044712421,
          0.6243884782279999,
          0.3922837561763158,
          0.7570180792525252,
          0.4379869511439333,
          0.48754909310799965,
          0.8999752579499501,
          0.7416698959890892,
          0.8650452512780537,
          0.20429733385299997,
          0.12228077605454549,
          1.0,
          0.6222876891746667,
          0.007394582149684209
        ],
        "results": {
          "16666666.666666666": {
            "score": Infinity,
            "cost": -1,
            "info": {}
          }
        }
      },
      {
        "config_id": 6,
        "config": [
          0.31473834918599997,
          0.12282209321631582,
          0.239208993781,
          0.49494978056631583,
          0.04014751197979798,
          0.28197831627426667,
          0.9690511492759998,
          0.4848708811431433,
          0.698744329925314,
          0.6750221587394377,
          0.9519285804609999,
          0.282502204929091,
          0.0,
          0.7965388010428001,
          0.44919770018352634
        ],
        "results": {
          "16666666.666666666": {
            "score": Infinity,
            "cost": -1,
            "info": {}
          }
        }
      },
      {
        "config_id": 7,
        "config": [
          0.4277189130910001,
          0.4006287906094211,
          0.467808366908,
          0.939323928221579,
          0.05664452302020201,
          0.39782776452891105,
          0.2762793078034998,
          0.9898418974504506,
          0.05811241322051769,
          0.14877564962110443,
          0.6478362487629999,
          0.7405356594936364,
          0.8333333333333334,
          0.061858314066399966,
          0.4810644113888948
        ],
        "results": {
          "16666666.666666666": {
            "score": Infinity,
            "cost": -1,
            "info": {}
          }
        }
      },
      {
        "config_id": 8,
        "config": [
          0.8007015182939999,
          0.9388517592326843,
          0.21394689596799998,
          0.9989612190610526,
          0.8047564161010101,
          0.5929904482311777,
          0.24900165253349987,
          0.663832341615616,
          0.21693495308159297,
          0.43357909300033365,
          0.46553234014383327,
          0.6701657765690909,
          0.5,
          0.003618052469733346,
          0.8708333004447368
        ],
        "results": {
          "16666666.666666666": {
            "score": Infinity,
            "cost": -1,
            "info": {}
          }
        }
      },
      {
        "config_id": 9,
        "config": [
          0.021061237358999955,
          0.06903049983263153,
          0.49382759335599996,
          0.47718022467631577,
          0.09558979945454546,
          0.6599720743589556,
          0.6040417052260001,
          0.24682021122722678,
          0.38190489893837803,
          0.03828035627676305,
          0.3799335330331666,
          0.2725607578981818,
          0.16666666666666666,
          0.1674377029316,
          0.983918627275421
        ],
        "results": {
          "50000000.0": {
            "score": Infinity,
            "cost": -1,
            "info": {}
          }
        }
      },
      {
        "config_id": 10,
        "config": [
          0.14410190616899993,
          0.04213359470047365,
          0.562835181868,
          0.12162335715526316,
          0.22591551921212122,
          0.4275985826498,
          0.4767780194154998,
          0.0828160408668662,
          0.6924680089742105,
          0.5245416076776653,
          0.07500466463749998,
          0.47471948327454555,
          0.0,
          0.8698623890370666,
          0.5403223048097895
        ],
        "results": {
          "50000000.0": {
            "score": Infinity,
            "cost": -1,
            "info": {}
          }
        }
      },
      {
        "config_id": 11,