{"config": {"clip_eps": 0.1641139401181, "death_penalty": -1.449108228387, "distance_shaping": 0.057870301577, "entropy_coef": 0.0504446897443, "entropy_coef_final": 0.0026437478389, "food_reward": 2.9685026462972, "gae_lambda": 0.8498003305067, "gamma": 0.9663168509274, "lr": 7.83019111e-05, "lr_min": 2.4499967e-06, "opponent_pool_frac": 0.7156195469671, "survival_reward": 0.0020718749876, "update_epochs": 3, "value_loss_coef": 0.2527135393523, "win_reward": 0.7841088058716}, "score": -66.45287893271446, "info": {}}