{
  "DE_params": {
    "mutation_factor": 0.5,
    "crossover_prob": 0.5,
    "strategy": "rand1_bin",
    "configspace": true,
    "boundary_fix_type": "random",
    "max_age": Infinity,
    "dimensions": 19,
    "output_path": "dehb_log_data_epi",
    "async_strategy": "immediate"
  },
  "HB_params": {
    "min_fidelity": 10000000,
    "max_fidelity": 60000000,
    "min_clip": null,
    "max_clip": null,
    "eta": 3
  },
  "internals": {
    "initial_configs": [
      {
        "config_id": 0,
        "config": [
          0.2414122036113333,
          0.8606764156195,
          0.9623404624859474,
          0.9739478596749999,
          0.5138598582275,
          0.1793153934936842,
          0.04855243095959595,
          0.5827867558150001,
          0.8006824835817111,
          0.7741398768194998,
          0.48329558027227254,
          0.9130580266773334,
          0.11925709421381792,
          0.3579388152982756,
          0.08530434679816667,
          0.5728071684536364,
          0.0,
          0.5047869752261334,
          0.018595311404210526
        ],
        "results": {
          "20000000.0": {
            "score": Infinity,
            "cost": -1,
            "info": {}
          }
        }
      },
      {
        "config_id": 1,
        "config": [
          0.13671404921933333,
          0.5850980130215,
          0.6516745745717896,
          0.425529664082,
          0.6887827220475,
          0.42622071537157896,
          0.8959450851010101,
          0.4643854411178573,
          0.09749418393635555,
          0.406658155211,
          0.5554291605765768,
          0.265517458486,
          0.9009291826799155,
          0.6452363023472028,
          0.8073752197546664,
          0.11664028567545455,
          0.0,
          0.8560075382030666,
          0.9665499006227894
        ],
        "results": {
          "20000000.0": {
            "score": Infinity,
            "cost": -1,
            "info": {}
          }
        }
      },
      {
        "config_id": 2,
        "config": [
          0.5861412775726668,
          0.3127501273725,
          0.9362125061649474,
          0.025709780896999997,
          0.20982038420250004,
          0.32612338095263155,
          0.3706452762222222,
          0.15692511130500003,
          0.8522306420775778,
          0.2600123334274996,
          0.40457343850350347,
          0.8061969434333333,
          0.5731529693622954,
          0.21302437182987455,
          0.0087375928785,
          0.21804141560818183,
          0.6666666666666666,
          0.945383704478,
          0.8416900769255263
        ],
        "results": {
          "20000000.0": {
            "score": Infinity,
            "cost": -1,
            "info": {}
          }
        }
      },
      {
        "config_id": 3,
        "config": [
          0.5852910004717778,
          0.49315542049899996,
          0.9527222016487895,
          0.827250775006,
          0.8747402602625,
          0.20081305227684207,
          0.7824886762424241,
          0.7418251230057145,
          0.7457071057693778,
          0.8679215515954999,
          0.8423360849749749,
          0.7539910438682222,
          0.13738000384337104,
          0.6588234299481848,
          0.34995140272333325,
          0.5553230130109091,
          0.5,
          0.15036799681120003,
          0.9273470735447895
        ],
        "results": {
          "60000000.0": {
            "score": Infinity,
            "cost": -1,
            "info": {}
          }
        }
      },
      {
        "config_id": 4,
        "config": [
          0.2702248808048889,
          0.780067999119,
          0.1596464334136842,
          0.406258398354,
          0.700843823475,
          0.761998216558421,
          0.4337059659898989,
          0.2910866541007143,
          0.8410239097339777,
          0.2693343985014996,
          0.8834601798288286,
          0.8485187299137777,
          0.13496613037735825,
          0.0875329916958631,
          0.7203406568096665,
          0.32912877977545457,
          0.16666666666666666,
          0.33143922678706667,
          0.4393801816288421
        ],
        "results": {
          "60000000.0": {
            "score": Infinity,
            "cost": -1,
            "info": {}
          }
        }
      }
    ]
  }
}