{"config": {"aux_loss_coef": 0.4526963796275, "clip_eps": 0.2560135998238, "death_penalty": -1.696671776514, "distance_shaping": 0.0404138709674, "entropy_boost": 0.038033752939, "entropy_coef": 0.1279868390307, "entropy_coef_final": 0.0008749116236, "entropy_floor": 0.0507521315741, "food_reward": 4.2846075938029, "gae_lambda": 0.8538668797003, "gamma": 0.9882576719649, "idm_coef": 0.4318334284612, "lr": 1.58256421e-05, "lr_min": 2.4823433e-06, "opponent_pool_frac": 0.6213273212175, "survival_reward": -0.0360172468504, "update_epochs": 3, "value_loss_coef": 0.4985794200903, "win_reward": 0.9348223450948}, "score": -54.755602873325344, "info": {}}