{
    "best_reward": 25.32,
    "fitness_score": -54.7556,
    "hyperparameters": {
        "grid_width": 24,
        "grid_height": 18,
        "in_channels": 8,
        "scalar_dim": 10,
        "num_workers": 8,
        "seed": 75042,
        "lr": 1.58256421e-05,
        "lr_min": 2.4823433e-06,
        "gamma": 0.9882576719649,
        "gae_lambda": 0.8538668797003,
        "clip_eps": 0.2560135998238,
        "value_loss_coef": 0.4985794200903,
        "entropy_coef": 0.1279868390307,
        "entropy_coef_final": 0.0008749116236,
        "max_grad_norm": 0.5,
        "update_epochs": 3,
        "opponent_pool_size": 20,
        "opponent_pool_update_freq": 15,
        "opponent_pool_frac": 0.6213273212175,
        "opponent_epsilon": 0.0,
        "survival_reward": -0.0360172468504,
        "food_reward": 4.2846075938029,
        "death_penalty": -1.696671776514,
        "win_reward": 0.9348223450948,
        "distance_shaping": 0.0404138709674,
        "gru_hidden": 512,
        "bptt_seq_len": 16,
        "feat_dim": 256,
        "idm_coef": 0.4318334284612,
        "entropy_floor": 0.0507521315741,
        "entropy_boost": 0.038033752939,
        "aux_loss_coef": 0.4526963796275
    }
}